titel,untertitel,zielgruppe,datum,dauer,ort,format,preis,plaetze,beschreibung,anmeldeLink,status,coverBild
"Mutig und stark","Kindercoaching gegen Mobbing — 4 Termine","Kinder","2026-09-15T17:00:00.000Z",75,"Praxis Schwäbisch Gmünd, Stuttgarter Straße 3","Vor Ort",120,8,"Ein vierteiliger Kurs für Kinder von 8 bis 12 Jahren. Wir üben in der Gruppe, was hilft, wenn auf dem Schulhof Druck entsteht — mit Bewegung, Rollenspielen und sehr viel Lachen.

Termine: 15.09., 22.09., 29.09. und 06.10.2026, jeweils 17:00–18:15 Uhr. Eltern werden im ersten und letzten Termin kurz mit einbezogen.","https://eveeno.com/example-kinder","Offen",""
"Resilienz im Alltag","4-Wochen-Kurs für Erwachsene","Erwachsene","2026-10-07T18:00:00.000Z",90,"VHS Schwäbisch Gmünd, Raum 12","Vor Ort",160,12,"Vier Abende, an denen wir uns Werkzeuge für stürmische Zeiten anschauen — und ausprobieren. Du lernst, mit Druck, Kritik und Selbstzweifeln so umzugehen, dass dich das tägliche Leben weniger umwirft.

Inhalte: Stressmuster erkennen · Atem- und Körperübungen · Glaubenssätze · Tag-Reflexion. Termine: 07.10., 14.10., 21.10., 28.10.2026.","https://eveeno.com/example-erwachsene","Offen",""
"Konflikt im Team","Halbtages-Workshop für Teams (6–20 Personen)","Unternehmen","2026-11-19T09:00:00.000Z",240,"Inhouse oder bei mir","Hybrid",0,20,"Vier Stunden, in denen wir uns das Konfliktgeschehen in Ihrem Team genau anschauen. Wir arbeiten mit konkreten Beispielen aus dem Alltag, finden die Muster und vereinbaren erste Schritte. Termin individuell vereinbar — der hier gezeigte ist ein Beispiel.

Honorar nach Aufwand und Format. Für ein unverbindliches Vorgespräch schreiben Sie mir.","mailto:kontakt@jessica-bisetto.de","Auf Anfrage",""
